tourney_id,tourney_name,surface,draw_size,tourney_level,indoor,tourney_date,match_num,winner_id,winner_seed,winner_entry,winner_name,winner_hand,winner_ht,winner_ioc,winner_age,winner_rank,winner_rank_points,loser_id,loser_seed,loser_entry,loser_name,loser_hand,loser_ht,loser_ioc,loser_age,loser_rank,loser_rank_points,score,best_of,round,minutes,w_ace,w_df,w_svpt,w_1stIn,w_1stWon,w_2ndWon,w_SvGms,w_bpSaved,w_bpFaced,l_ace,l_df,l_svpt,l_1stIn,l_1stWon,l_2ndWon,l_SvGms,l_bpSaved,l_bpFaced
2026-M-DC-2026-QLS-M-KOR-IND-01,Davis Cup QLS R2: KOR vs IND,Hard,4,D,O,20260918,1,KF17,,,Soonwoo Kwon,R,180,KOR,28.794,157,355,S0DE,,,Dhakshineswar Suresh,R,196,IND,26.472,367,141,3-6 6-3 6-4,3,RR,125,7,5,80,36,33,24,14,1,2,12,6,110,64,46,23,14,8,10
2026-M-DC-2026-QLS-M-KOR-IND-01,Davis Cup QLS R2: KOR vs IND,Hard,4,D,O,20260918,2,CH27,,,Hyeon Chung,R,188,KOR,30.333,549,74,N897,,,Sumit Nagal,R,178,IND,29.090,247,225,2-6 6-4 7-5,3,RR,186,3,4,107,68,45,16,15,3,8,3,8,100,67,44,13,15,6,11
2026-M-DC-2026-QLS-M-KOR-IND-01,Davis Cup QLS R2: KOR vs IND,Hard,4,D,O,20260919,3,KF17,,,Soonwoo Kwon,R,180,KOR,28.797,157,355,N897,,,Sumit Nagal,R,178,IND,29.092,247,225,6-1 6-2,3,RR,,4,3,41,25,21,10,7,2,2,1,3,50,25,9,15,8,8,13
2026-M-DC-2026-QLS-M-AUT-BEL-01,Davis Cup QLS R2: AUT vs BEL,Clay,4,D,O,20260918,1,R09X,,,Jurij Rodionov,L,191,AUT,27.343,142,416,O0A2,,,Gauthier Onclin,R,180,BEL,25.558,164,344,6-4 6-1,3,RR,,9,1,69,44,24,16,9,3,5,0,1,48,31,14,12,8,4,9
2026-M-DC-2026-QLS-M-AUT-BEL-01,Davis Cup QLS R2: AUT vs BEL,Clay,4,D,O,20260918,2,BU13,,,Zizou Bergs,R,185,BEL,27.294,38,1345,N0CS,,,Lukas Neumayer,R,183,AUT,24.033,180,312,2-6 6-4 6-2,3,RR,105,9,4,75,43,32,15,13,2,5,2,3,65,38,26,15,13,3,7
2026-M-DC-2026-QLS-M-CZE-USA-01,Davis Cup QLS R2: CZE vs USA,Hard,4,D,I,20260918,1,T0HA,,,Learner Tien,L,180,USA,20.794,13,2755,M0NI,,,Jakub Mensik,R,196,CZE,21.046,15,2495,6-2 6-4,3,RR,69,1,2,52,37,31,6,9,3,4,4,4,54,38,24,4,9,3,7
2026-M-DC-2026-QLS-M-CZE-USA-01,Davis Cup QLS R2: CZE vs USA,Hard,4,D,I,20260918,2,L0BV,,,Jiri Lehecka,R,185,CZE,24.860,24,2120,S0S1,,,Ben Shelton,L,193,USA,23.943,4,4680,6-4 6-4,3,RR,95,3,1,58,33,29,14,10,2,2,3,2,62,48,35,6,10,4,6
2026-M-DC-2026-QLS-M-CAN-FRA-01,Davis Cup QLS R2: CAN vs FRA,Hard,4,D,I,20260918,1,D0DP,,,Liam Draxl,R,185,CAN,24.786,205,267,RC91,,,Arthur Rinderknech,R,196,FRA,31.157,32,1583,6-2 7-5,3,RR,104,9,1,72,57,41,7,10,3,3,13,1,69,43,27,15,10,7,10
2026-M-DC-2026-QLS-M-CAN-FRA-01,Davis Cup QLS R2: CAN vs FRA,Hard,4,D,I,20260918,2,AG37,,,Felix Auger-Aliassime,R,193,CAN,26.111,5,3890,HB64,,,Quentin Halys,R,191,FRA,29.895,49,1070,7-6(5) 4-6 6-3,3,RR,143,12,1,90,68,52,15,16,0,1,19,6,102,70,58,11,15,4,5
2026-M-DC-2026-WG1-R1-FIN-MON-01,Davis Cup WG1 R1: FIN vs MON,Hard,4,D,I,20260918,1,V0AM,,,Otto Virtanen,R,193,FIN,25.243,108,586,CN78,,,Lucas Catarina,R,185,MON,30.062,,,6-0 6-3,3,RR,,10,4,44,29,25,8,8,2,2,2,1,54,30,14,11,7,3,7
2026-M-DC-2026-WG1-R1-FIN-MON-01,Davis Cup WG1 R1: FIN vs MON,Hard,4,D,I,20260918,2,VA25,,,Valentin Vacherot,R,193,MON,27.838,21,2250,V993,,,Eero Vasa,R,185,FIN,29.626,446,105,6-3 7-6(3),3,RR,,15,2,65,48,44,9,11,2,2,6,2,62,41,33,10,10,2,3
2026-M-DC-2026-WG1-R1-LUX-HUN-01,Davis Cup WG1 R1: LUX vs HUN,Hard,4,D,I,20260918,1,M0CI,,,Fabian Marozsan,R,193,HUN,26.946,60,930,V0AS,,,Louis Van Herck,R,,LUX,27.214,1705,3,6-4 6-4,3,RR,,1,2,52,32,26,11,10,0,2,5,2,59,35,19,12,10,5,9
2026-M-DC-2026-WG1-R1-LUX-HUN-01,Davis Cup WG1 R1: LUX vs HUN,Hard,4,D,I,20260918,2,P09O,,,Zsombor Piros,R,180,HUN,26.932,116,530,KJ00,,,Alex Knaff,R,193,LUX,28.810,761,39,6-4 6-0,3,RR,,3,1,47,24,20,14,8,3,4,3,3,55,32,16,9,8,6,11
2026-M-DC-2026-WG1-R1-NED-COL-01,Davis Cup WG1 R1: NED vs COL,Hard,4,D,I,20260918,1,V812,,,Botic van de Zandschulp,R,191,NED,30.957,40,1258,R0F1,,,Johan Alexander Rodriguez,R,173,COL,22.979,829,32,4-6 6-1 7-5,3,RR,,12,8,86,55,45,13,14,8,11,3,4,105,65,40,16,15,8,14
2026-M-DC-2026-WG1-R1-NED-COL-01,Davis Cup WG1 R1: NED vs COL,Hard,4,D,I,20260918,2,GJ37,,,Tallon Griekspoor,R,188,NED,30.212,55,975,M0AW,,,Nicolas Mejia,R,183,COL,26.601,121,509,6-2 6-4,3,RR,,13,2,53,37,31,9,9,3,3,2,2,53,29,18,10,9,1,4
2026-M-DC-2026-WG1-R1-NOR-CHN-01,Davis Cup WG1 R1: NOR vs CHN,Clay,4,D,I,20260918,1,RH16,,,Casper Ruud,R,183,NOR,27.740,18,2335,TG30,,,Rigele Te,R,188,CHN,28.942,835,32,6-1 7-6(1),3,RR,,3,0,49,35,32,13,10,0,0,2,3,71,43,31,10,9,7,9
2026-M-DC-2026-WG1-R1-NOR-CHN-01,Davis Cup WG1 R1: NOR vs CHN,Clay,4,D,I,20260918,2,B0U4,,,Nicolai Budkov Kjaer,R,191,NOR,20.047,147,387,C0AJ,,,Jie Cui,R,183,CHN,28.649,447,105,4-6 6-4 6-4,3,RR,,10,3,84,51,45,20,15,3,5,2,4,109,71,50,14,15,4,7
2026-M-DC-2026-WG1-R1-DEN-BUL-01,Davis Cup WG1 R1: DEN vs BUL,Hard,4,D,I,20260918,1,D875,,,Grigor Dimitrov,R,191,BUL,35.343,128,472,M0K4,,,Elmer Moller,R,183,DEN,23.195,174,321,6-7(2) 6-3 6-4,3,RR,,12,2,88,54,47,20,16,3,4,7,3,95,61,47,18,15,7,10
2026-M-DC-2026-WG1-R1-DEN-BUL-01,Davis Cup WG1 R1: DEN vs BUL,Hard,4,D,I,20260918,2,R0DG,,,Holger Rune,R,188,DEN,23.389,144,400,R0IL,,,Iliyan Radulov,R,187,BUL,21.270,596,64,6-3 6-3,3,RR,88,5,3,47,31,24,9,9,0,1,1,3,77,55,33,6,9,6,10
2026-M-DC-2026-WG1-R1-BRA-SUI-01,Davis Cup WG1 R1: BRA vs SUI,Hard,4,D,I,20260918,1,F0FV,,,Joao Fonseca,R,188,BRA,20.077,29,1750,S0LA,,,Dominic Stricker,L,183,SUI,24.090,262,211,4-6 6-3 6-2,3,RR,,3,0,72,53,41,12,14,0,2,1,4,80,43,33,18,13,4,8
2026-M-DC-2026-WG1-R1-BRA-SUI-01,Davis Cup WG1 R1: BRA vs SUI,Hard,4,D,I,20260918,2,H0DU,,,Gustavo Heide,R,191,BRA,24.553,123,503,W367,,,Stan Wawrinka,R,183,SUI,41.476,134,436,4-6 7-6(4) 6-4,3,RR,,6,1,83,50,42,26,16,1,2,13,2,102,55,44,31,16,8,9
2026-M-DC-2026-WG1-R1-PER-PAR-01,Davis Cup WG1 R1: PER vs PAR,Clay,4,D,O,20260918,1,B0ID,,,Ignacio Buse,R,183,PER,22.483,35,1460,E09U,,,Hernando Jose Escurra Isnardi,R,183,PAR,28.764,2151,1,7-6(4) 4-6 7-5,3,RR,189,9,2,101,70,49,19,17,5,9,3,3,116,75,47,23,17,11,15
2026-M-DC-2026-WG1-R1-PER-PAR-01,Davis Cup WG1 R1: PER vs PAR,Clay,4,D,O,20260918,2,V836,,,Juan Pablo Varillas,R,185,PER,30.951,190,288,V0DP,,,Adolfo Daniel Vallejo,R,183,PAR,22.390,58,939,5-7 7-6(6) 6-3,3,RR,,10,1,110,72,54,22,17,5,8,3,1,108,67,46,24,16,6,9
2026-M-DC-2026-WG1-R1-NZL-JPN-01,Davis Cup WG1 R1: NZL vs JPN,Hard,4,D,I,20260919,1,S0UV,,,Rei Sakamoto,R,193,JPN,20.238,135,429,S0NT,,,Anton Shepp,R,185,NZL,23.888,500,90,7-5 6-4,3,RR,,7,3,66,38,32,13,11,4,5,5,3,64,35,25,15,11,2,5
2026-M-DC-2026-WG1-R1-NZL-JPN-01,Davis Cup WG1 R1: NZL vs JPN,Hard,4,D,I,20260919,2,SY67,,,Sho Shimabukuro,R,180,JPN,29.139,96,640,W0ED,,,James Watt,R,206,NZL,26.278,938,23,3-6 6-3 6-4,3,RR,,6,3,84,48,43,18,14,4,5,21,2,82,64,47,10,14,5,7
2026-M-DC-2026-WG1-R1-AUS-POL-01,Davis Cup WG1 R1: AUS vs POL,Hard,4,D,O,20260919,1,DH58,,,Alex De Minaur,R,183,AUS,27.587,9,3300,K0HC,,,Maks Kasnikowski,R,180,POL,23.206,231,240,6-3 6-0,3,RR,56,4,1,40,28,25,11,8,0,0,2,1,46,29,17,5,7,4,8
2026-M-DC-2026-WG1-R1-TPE-SWE-01,Davis Cup WG1 R1: TPE vs SWE,Hard,4,D,,20260919,1,W0BU,,,Olle Wallin,R,191,SWE,24.909,407,123,H09F,,,Yu Hsiou Hsu,R,178,TPE,27.466,297,187,3-6 6-2 7-5,3,RR,130,8,2,93,50,36,16,14,6,11,6,2,94,66,41,10,15,9,16
2026-M-DC-2026-WG1-R1-TPE-SWE-01,Davis Cup WG1 R1: TPE vs SWE,Hard,4,D,,20260919,2,T0AP,,,Chun-Hsin Tseng,R,175,TPE,25.114,208,265,F09J,,,Karl Friberg,R,191,SWE,27.488,821,33,6-3 6-0,3,RR,59,6,1,37,20,20,13,8,0,0,0,3,36,21,13,5,7,2,6
2026-M-DC-2026-WG1-R1-AUS-POL-01,Davis Cup WG1 R1: AUS vs POL,Hard,4,D,O,20260919,2,MQ75,,,Kamil Majchrzak,R,183,POL,30.683,73,777,D994,,,James Duckworth,R,183,AUS,34.661,67,877,2-6 6-3 6-3,3,RR,,12,2,87,56,39,11,13,5,9,9,3,80,47,34,11,13,3,8
2026-M-DC-2026-WG1-R1-SVK-GRE-01,Davis Cup WG1 R1: SVK vs GRE,Clay,4,D,O,20260919,1,MV14,,,Alex Molcan,L,178,SVK,28.799,94,645,S0KT,,,Stefanos Sakellaridis,R,198,GRE,22.015,136,429,6-1 6-1,3,RR,,1,1,50,34,26,10,7,2,2,1,3,58,27,16,10,7,7,12
2026-M-DC-2026-WG1-R1-SVK-GRE-01,Davis Cup WG1 R1: SVK vs GRE,Clay,4,D,O,20260919,2,TE51,,,Stefanos Tsitsipas,R,193,GRE,28.104,44,1165,GB93,,,Norbert Gombos,R,193,SVK,36.101,353,147,7-6(3) 6-4,3,RR,,6,2,75,54,43,9,11,4,5,7,1,66,34,29,15,11,3,5
2026-M-DC-2026-WG1-R1-DEN-BUL-01,Davis Cup WG1 R1: DEN vs BUL,Hard,4,D,I,20260919,3,R0DG,,,Holger Rune,R,188,DEN,23.392,144,400,D875,,,Grigor Dimitrov,R,191,BUL,35.346,128,472,3-6 6-3 7-6(4),3,RR,144,5,2,82,55,45,11,15,1,4,11,4,96,68,45,16,15,9,12
2026-M-DC-2026-WG1-R1-SRB-LTU-01,Davis Cup WG1 R1: SRB vs LTU,Hard,4,D,I,20260919,1,KI95,,,Miomir Kecmanovic,R,183,SRB,27.053,61,925,B0MM,,,Edas Butvilas,R,191,LTU,22.157,194,286,7-5 1-6 7-5,3,RR,131,2,0,91,56,37,24,15,7,10,11,1,93,68,49,15,16,5,8
2026-M-DC-2026-QLS-M-GER-CRO-01,Davis Cup QLS R2: GER vs CRO,Hard,4,D,I,20260919,1,Z355,,,Alexander Zverev,R,198,GER,29.415,2,9690,D0L3,,,Matej Dodig,R,188,CRO,21.169,171,329,6-4 7-6(3),3,RR,,15,1,66,54,44,6,11,0,0,3,1,77,55,42,9,11,5,6
2026-M-DC-2026-QLS-M-GBR-ECU-01,Davis Cup QLS R2: GBR vs ECU,Hard,4,D,I,20260919,1,S0TM,,,Toby Samuel,R,191,GBR,24.036,95,640,AG08,,,Andres Andrade,R,180,ECU,27.765,203,269,4-6 6-4 6-1,3,RR,,6,3,85,54,36,17,14,7,10,0,4,69,44,31,8,13,1,6
2026-M-DC-2026-QLS-M-GBR-ECU-01,Davis Cup QLS R2: GBR vs ECU,Hard,4,D,I,20260919,2,F0DM,,,Arthur Fery,R,175,GBR,24.189,36,1413,G0DH,,,Alvaro Guillen Meza,R,175,ECU,23.713,293,189,7-5 6-0,3,RR,,2,1,52,37,29,9,9,2,2,0,3,61,42,24,6,9,4,8
2026-M-DC-2026-WG1-R1-FIN-MON-01,Davis Cup WG1 R1: FIN vs MON,Hard,4,D,I,20260919,3,VA25,,,Valentin Vacherot,R,193,MON,27.841,21,2250,V0AM,,,Otto Virtanen,R,193,FIN,25.246,108,586,7-6(3) 4-6 6-4,3,RR,,14,5,120,82,58,18,16,10,13,14,5,133,70,51,30,16,10,13
2026-M-DC-2026-WG1-R1-DEN-BUL-01,Davis Cup WG1 R1: DEN vs BUL,Hard,4,D,I,20260919,4,M0K4,,,Elmer Moller,R,183,DEN,23.198,174,321,R0IL,,,Iliyan Radulov,R,187,BUL,21.273,596,64,6-2 6-4,3,RR,,8,2,53,40,26,7,9,5,7,2,0,61,36,17,13,9,5,10
2026-M-DC-2026-WG1-R1-SRB-LTU-01,Davis Cup WG1 R1: SRB vs LTU,Hard,4,D,I,20260919,2,M0JF,,,Hamad Medjedovic,R,188,SRB,23.173,77,764,G0FW,,,Vilius Gaubas,R,178,LTU,21.722,119,511,6-4 6-4,3,RR,,12,3,54,35,27,15,10,4,4,9,2,64,42,30,13,10,6,8
2026-M-DC-2026-WG1-R1-ARG-TUR-01,Davis Cup WG1 R1: ARG vs TUR,Hard,4,D,I,20260919,1,C0AU,,,Francisco Cerundolo,R,185,ARG,28.101,23,2130,E0AA,,,Yanki Erel,L,178,TUR,25.982,329,162,6-0 6-4,3,RR,,6,0,46,30,25,10,9,1,1,2,2,53,34,21,7,8,8,11
2026-M-DC-2026-QLS-M-AUT-BEL-01,Davis Cup QLS R2: AUT vs BEL,Clay,4,D,O,20260919,3,R09X,,,Jurij Rodionov,L,191,AUT,27.346,142,416,BU13,,,Zizou Bergs,R,185,BEL,27.296,38,1345,7-6(6) 6-3,3,RR,139,7,0,86,46,36,15,10,9,12,4,4,76,49,26,13,11,6,11
2026-M-DC-2026-WG1-R1-NED-COL-01,Davis Cup WG1 R1: NED vs COL,Hard,4,D,I,20260919,3,D0C1,,,Jesper de Jong,R,180,NED,26.303,98,638,H0HU,,,Samuel Heredia,R,191,COL,20.285,647,55,6-2 6-4,3,RR,,8,2,43,30,29,7,9,0,0,6,6,58,34,24,9,9,2,5
2026-M-DC-2026-QLS-M-GER-CRO-01,Davis Cup QLS R2: GER vs CRO,Hard,4,D,I,20260919,2,P0HW,,,Dino Prizmic,R,188,CRO,21.123,103,628,AE14,,,Daniel Altmaier,R,188,GER,28.019,69,874,6-4 6-3,3,RR,,2,0,64,45,33,9,10,5,6,5,0,51,29,19,12,9,2,5
2026-M-DC-2026-QLS-M-CZE-USA-01,Davis Cup QLS R2: CZE vs USA,Hard,4,D,I,20260919,3,M0NI,,,Jakub Mensik,R,196,CZE,21.049,15,2495,S0S1,,,Ben Shelton,L,193,USA,23.945,4,4680,5-7 6-4 6-3,3,RR,,9,2,76,52,45,17,16,0,1,4,1,93,62,44,17,15,5,7
2026-M-DC-2026-QLS-M-CZE-USA-01,Davis Cup QLS R2: CZE vs USA,Hard,4,D,I,20260919,4,L0BV,,,Jiri Lehecka,R,185,CZE,24.862,24,2120,T0HA,,,Learner Tien,L,180,USA,20.797,13,2755,6-3 7-5,3,RR,,5,3,76,41,30,17,11,6,8,1,3,64,38,23,12,10,5,9
2026-M-DC-2026-QLS-M-CHI-ESP-01,Davis Cup QLS R2: CHI vs ESP,Clay,4,D,O,20260919,1,M0N7,,,Daniel Merida,R,188,ESP,21.979,41,1216,TE30,,,Alejandro Tabilo,L,188,CHI,29.298,28,1778,5-7 6-3 6-3,3,RR,136,9,1,95,69,48,16,15,5,6,3,0,96,63,44,14,15,5,8
2026-M-DC-2026-QLS-M-CHI-ESP-01,Davis Cup QLS R2: CHI vs ESP,Clay,4,D,O,20260919,2,J0DZ,,,Rafael Jodar,R,191,ESP,20.005,14,2659,GD64,,,Cristian Garin,R,185,CHI,30.305,133,446,6-0 6-2,3,RR,64,0,0,37,26,20,6,7,0,1,0,5,51,32,19,1,7,6,12
2026-M-DC-2026-QLS-M-CAN-FRA-01,Davis Cup QLS R2: CAN vs FRA,Hard,4,D,I,20260919,3,AG37,,,Felix Auger-Aliassime,R,193,CAN,26.114,5,3890,RC91,,,Arthur Rinderknech,R,196,FRA,31.159,32,1583,4-6 7-6(5) 6-4,3,RR,,17,1,87,66,53,14,16,1,2,7,0,97,75,59,10,16,3,4
2026-M-DC-2026-WG1-R1-ARG-TUR-01,Davis Cup WG1 R1: ARG vs TUR,Hard,4,D,I,20260919,2,T0A1,,,Thiago Agustin Tirante,R,185,ARG,25.443,52,1010,A09Q,,,Mert Alkaya,R,178,TUR,26.264,296,188,6-2 6-4,3,RR,,9,2,54,38,29,10,9,2,2,1,0,51,39,26,5,9,2,5
2026-M-DC-2026-WG1-R1-PER-PAR-01,Davis Cup WG1 R1: PER vs PAR,Clay,4,D,O,20260919,3,V0DP,,,Adolfo Daniel Vallejo,R,183,PAR,22.393,58,939,B0ID,,,Ignacio Buse,R,183,PER,22.486,35,1460,5-7 7-5 7-6(3),3,RR,,5,4,121,74,51,26,18,9,14,6,2,145,82,51,32,18,14,19
2026-M-DC-2026-WG1-R1-PER-PAR-01,Davis Cup WG1 R1: PER vs PAR,Clay,4,D,O,20260919,4,V836,,,Juan Pablo Varillas,R,185,PER,30.954,190,288,E09U,,,Hernando Jose Escurra Isnardi,R,183,PAR,28.767,2151,1,6-2 6-4,3,RR,,1,1,51,34,27,11,9,3,3,6,1,52,37,27,5,9,1,4
2026-M-DC-2026-WG1-R1-NZL-JPN-01,Davis Cup WG1 R1: NZL vs JPN,Hard,4,D,I,20260920,3,SY67,,,Sho Shimabukuro,R,180,JPN,29.142,96,640,S0NT,,,Anton Shepp,R,185,NZL,23.890,500,90,6-3 6-3,3,RR,,3,2,51,32,26,8,9,0,1,5,3,60,41,25,8,9,4,8
2026-M-DC-2026-WG1-R1-AUS-POL-01,Davis Cup WG1 R1: AUS vs POL,Hard,4,D,O,20260920,3,DH58,,,Alex De Minaur,R,183,AUS,27.589,9,3300,MQ75,,,Kamil Majchrzak,R,183,POL,30.686,73,777,6-3 6-3,3,RR,,9,2,47,34,28,7,9,0,1,0,0,59,33,20,10,9,3,7
2026-M-DC-2026-WG1-R1-TPE-SWE-01,Davis Cup WG1 R1: TPE vs SWE,Hard,4,D,,20260920,3,T0AP,,,Chun-Hsin Tseng,R,175,TPE,25.117,208,265,W0BU,,,Olle Wallin,R,191,SWE,24.912,407,123,6-1 6-4,3,RR,,3,1,50,34,27,10,9,1,1,4,1,58,27,19,12,8,2,5
2026-M-DC-2026-WG1-R1-TPE-SWE-01,Davis Cup WG1 R1: TPE vs SWE,Hard,4,D,,20260920,4,W857,,,Tung-Lin Wu,R,188,TPE,28.359,350,148,D0I5,,,Max Dahlin,R,188,SWE,20.731,896,26,6-4 6-4,3,RR,,4,0,59,35,24,14,10,2,4,12,4,68,33,21,15,10,4,8
2026-M-DC-2026-QLS-M-GER-CRO-01,Davis Cup QLS R2: GER vs CRO,Hard,4,D,I,20260920,3,Z355,,,Alexander Zverev,R,198,GER,29.418,2,9690,P0HW,,,Dino Prizmic,R,188,CRO,21.125,103,628,6-2 6-4,3,RR,,6,0,45,34,27,9,9,0,0,4,0,54,41,26,5,9,6,9
2026-M-DC-2026-QLS-M-GBR-ECU-01,Davis Cup QLS R2: GBR vs ECU,Hard,4,D,I,20260920,3,W0AH,,,Harry Wendelken,R,178,GBR,24.756,175,321,V0IZ,,,Angel Veliz,,,ECU,18.149,1505,4,6-2 6-3,3,RR,,1,4,47,28,22,12,8,2,3,1,7,72,41,23,12,9,4,9
2026-M-DC-2026-QLS-M-CHI-ESP-01,Davis Cup QLS R2: CHI vs ESP,Clay,4,D,O,20260920,3,L0IL,,,Martin Landaluce,R,193,ESP,20.698,62,924,S0EK,,,Matias Soto,R,170,CHI,27.400,237,232,6-2 6-3,3,RR,,2,0,48,34,25,12,9,1,1,3,2,47,31,20,8,8,3,6
