tourney_id,tourney_name,surface,draw_size,tourney_level,indoor,tourney_date,match_num,winner_id,winner_seed,winner_entry,winner_name,winner_hand,winner_ht,winner_ioc,winner_age,winner_rank,winner_rank_points,loser_id,loser_seed,loser_entry,loser_name,loser_hand,loser_ht,loser_ioc,loser_age,loser_rank,loser_rank_points,score,best_of,round,minutes,w_ace,w_df,w_svpt,w_1stIn,w_1stWon,w_2ndWon,w_SvGms,w_bpSaved,w_bpFaced,l_ace,l_df,l_svpt,l_1stIn,l_1stWon,l_2ndWon,l_SvGms,l_bpSaved,l_bpFaced
2026-2075,Guadalajara,Hard,32,500,O,20260913,1,220548,,,Peyton Stearns,R,173,USA,24.931,60,1001,215306,,,Emiliana Arango,R,,COL,25.791,139,541,6-3 6-2,3,R32,74,1,2,58,34,26,10,9,1,3,3,6,48,28,15,5,8,3,8
2026-2075,Guadalajara,Hard,32,500,O,20260913,2,219917,,,Alycia Parks,R,185,USA,25.701,72,927,201478,,,Varvara Lepchenko,L,180,USA,40.316,179,420,6-3 1-6 7-5,3,R32,109,10,16,86,38,28,22,14,2,6,1,7,72,44,31,14,14,1,5
2026-2075,Guadalajara,Hard,32,500,O,20260913,3,215910,,,Panna Udvardy,R,170,HUN,27.960,83,889,222391,,WC,Lois Boisson,R,,FRA,23.330,227,323,6-4 6-7(6) 6-2,3,R32,151,4,8,103,58,43,25,15,6,7,6,7,103,61,42,17,15,5,9
2026-2075,Guadalajara,Hard,32,500,O,20260913,4,222145,5,,Janice Tjen,R,,INA,24.356,51,1090,221307,,,Darja Vidmanova,R,,CZE,23.677,86,877,7-6(6) 6-2,3,R32,94,10,2,66,35,30,19,10,0,0,4,3,59,29,23,19,10,1,3
2026-2075,Guadalajara,Hard,32,500,O,20260913,5,213710,6,,Cristina Bucsa,R,,ESP,28.699,44,1164,215370,,WC,Bianca Andreescu,R,170,CAN,26.243,164,451,6-4 6-3,3,R32,97,1,2,53,30,19,13,9,0,2,1,4,74,39,25,14,10,9,14
2026-2075,Guadalajara,Hard,32,500,O,20260913,6,215037,,,Kayla Day,L,173,USA,26.963,123,591,220722,,,Elvina Kalieva,R,178,USA,23.135,113,661,7-6(9) 6-4,3,R32,160,8,7,106,68,50,16,11,12,14,6,5,89,47,35,20,11,5,8
2026-2075,Guadalajara,Hard,32,500,O,20260913,7,201585,,WC,Sloane Stephens,R,170,USA,33.487,169,444,220733,,Q,Carole Monnet,L,,FRA,24.786,215,350,6-4 7-6(5),3,R32,108,1,5,83,59,35,12,11,5,8,1,5,78,51,31,13,11,8,12
2026-2075,Guadalajara,Hard,32,500,O,20260913,8,203501,,WC,Taylor Townsend,L,170,USA,30.413,98,783,213583,,,Tatjana Maria,R,172,GER,39.103,80,894,6-7(0) 6-3 6-2,3,R32,135,4,3,92,54,37,21,14,6,8,5,1,104,58,39,23,15,8,14
2026-2075,Guadalajara,Hard,32,500,O,20260913,9,214452,,Q,Caroline Dolehide,R,178,USA,28.025,246,294,213887,,,Renata Zarazua,R,,MEX,28.956,91,819,6-1 3-6 6-3,3,R32,106,1,3,73,56,41,8,13,1,3,1,2,67,47,30,9,12,1,5
2026-2075,Guadalajara,Hard,32,500,O,20260913,10,220309,,,Zeynep Sonmez,R,,TUR,24.376,58,1027,213576,,Q,Iryna Shymanovich,R,,BLR,29.208,197,393,6-1 6-1,3,R32,59,1,0,50,35,25,10,7,5,5,0,5,37,19,9,4,7,0,5
2026-2075,Guadalajara,Hard,32,500,O,20260913,11,211684,7,,Magdalena Frech,R,171,POL,28.748,57,1032,211702,,Q,Nao Hibino,R,163,JPN,31.795,199,385,6-1 6-4,3,R32,81,4,0,48,32,22,13,9,1,2,1,2,67,48,24,11,8,8,12
2026-2075,Guadalajara,Hard,32,500,O,20260913,12,214643,8,,Liudmila Samsonova,R,180,RUS,27.845,50,1099,221039,,,Elsa Jacquemot,R,177,FRA,23.371,156,468,7-6(6) 6-2,3,R32,112,2,5,77,42,28,19,10,6,8,6,8,67,34,23,13,10,1,5
2026-2075,Guadalajara,Hard,32,500,O,20260913,13,213710,6,,Cristina Bucsa,R,,ESP,28.704,44,1164,215910,,,Panna Udvardy,R,170,HUN,27.965,83,889,6-4 6-4,3,R16,90,0,1,62,35,24,18,10,3,4,2,0,60,35,23,14,10,3,6
2026-2075,Guadalajara,Hard,32,500,O,20260913,14,239383,3,,Sara Bejlek,L,,CZE,20.622,28,1632,219917,,,Alycia Parks,R,185,USA,25.706,72,927,6-4 6-3,3,R16,77,0,2,49,34,26,8,9,0,1,5,8,66,32,24,13,10,4,8
2026-2075,Guadalajara,Hard,32,500,O,20260913,15,220548,,,Peyton Stearns,R,173,USA,24.937,60,1001,220348,4,,Diane Parry,R,170,FRA,24.039,30,1551,6-2 7-5,3,R16,98,5,7,63,33,24,14,10,3,6,6,10,61,29,16,12,10,6,12
2026-2075,Guadalajara,Hard,32,500,O,20260913,16,201585,,WC,Sloane Stephens,R,170,USA,33.493,169,444,222145,5,,Janice Tjen,R,,INA,24.365,51,1090,7-6(4) 7-6(3),3,R16,115,2,1,72,55,40,11,12,0,2,11,5,84,62,46,7,12,2,4
2026-2075,Guadalajara,Hard,32,500,O,20260913,17,216146,1,,Marta Kostyuk,R,175,UKR,24.220,10,3980,203501,,WC,Taylor Townsend,L,170,USA,30.418,98,783,W/O,3,R16,0,,,,,,,,,,,,,,,,,,
2026-2075,Guadalajara,Hard,32,500,O,20260913,18,211684,7,,Magdalena Frech,R,171,POL,28.753,57,1032,214452,,Q,Caroline Dolehide,R,178,USA,28.031,246,294,6-4 6-3,3,R16,90,3,3,53,35,25,8,9,1,3,0,7,66,44,27,5,10,4,9
2026-2075,Guadalajara,Hard,32,500,O,20260913,19,260300,2,,Iva Jovic,R,,USA,18.779,16,2390,220309,,,Zeynep Sonmez,R,,TUR,24.381,58,1027,7-6(5) 6-4,3,R16,128,3,3,65,31,21,15,11,2,6,1,8,89,48,34,15,11,5,10
2026-2075,Guadalajara,Hard,32,500,O,20260913,20,214643,8,,Liudmila Samsonova,R,180,RUS,27.850,50,1099,215037,,,Kayla Day,L,173,USA,26.971,123,591,7-6(4) 2-6 7-6(5),3,R16,164,0,7,102,61,38,20,16,2,8,6,10,109,64,48,17,16,8,12
2026-2075,Guadalajara,Hard,32,500,O,20260913,21,213710,6,,Cristina Bucsa,R,,ESP,28.710,44,1164,239383,3,,Sara Bejlek,L,,CZE,20.627,28,1632,6-0 6-4,3,Quarterfinals,65,1,4,46,31,24,8,8,1,2,0,3,42,29,14,5,8,3,8
2026-2075,Guadalajara,Hard,32,500,O,20260913,22,260300,2,,Iva Jovic,R,,USA,18.782,16,2390,211684,7,,Magdalena Frech,R,171,POL,28.756,57,1032,6-2 6-1,3,Quarterfinals,90,1,1,65,38,28,16,8,8,8,1,3,48,31,18,5,7,6,10
2026-2075,Guadalajara,Hard,32,500,O,20260913,23,214643,8,,Liudmila Samsonova,R,180,RUS,27.850,50,1099,216146,1,,Marta Kostyuk,R,175,UKR,24.222,10,3980,4-6 6-2 7-5,3,Quarterfinals,149,0,6,105,79,46,15,15,5,9,3,6,103,58,41,14,15,7,13
2026-2075,Guadalajara,Hard,32,500,O,20260913,24,220548,,,Peyton Stearns,R,173,USA,24.945,60,1001,201585,,WC,Sloane Stephens,R,170,USA,33.498,169,444,7-6(6) 6-4,3,Quarterfinals,119,2,7,68,38,25,14,11,2,5,1,2,86,63,33,14,11,7,11
2026-2075,Guadalajara,Hard,32,500,O,20260913,25,260300,2,,Iva Jovic,R,,USA,18.785,16,2390,213710,6,,Cristina Bucsa,R,,ESP,28.712,44,1164,6-4 6-1,3,Semifinals,93,1,2,74,51,31,13,9,11,12,1,6,58,38,22,7,8,4,8
2026-2075,Guadalajara,Hard,32,500,O,20260913,26,220548,,,Peyton Stearns,R,173,USA,24.948,60,1001,214643,8,,Liudmila Samsonova,R,180,RUS,27.855,50,1099,7-6(7) 6-2,3,Semifinals,128,1,6,76,39,26,18,10,2,5,2,8,81,52,31,9,10,6,11
2026-2075,Guadalajara,Hard,32,500,O,20260913,27,260300,2,,Iva Jovic,R,,USA,18.788,16,2390,220548,,,Peyton Stearns,R,173,USA,24.948,60,1001,6-4 6-2,3,Final,86,4,2,57,31,24,16,9,0,0,5,4,51,29,18,12,9,2,5
2026-1139,Sao Paulo,Hard,32,250,O,20260915,1,221985,9,,Darja Semenistaja,L,,LAT,23.998,120,604,332174,,LL,Hayu Kinoshita,,,JPN,,210,356,7-5 6-4,3,R32,112,5,2,82,51,34,17,11,6,8,3,2,75,48,28,14,11,3,7
2026-1139,Sao Paulo,Hard,32,250,O,20260915,2,206408,,,Nadia Podoroska,R,170,ARG,29.594,317,218,214593,,,Lucrezia Stefanini,R,,ITA,28.337,119,617,6-3 6-4,3,R32,101,1,2,62,36,20,15,9,2,5,0,4,62,40,22,7,10,1,7
2026-1139,Sao Paulo,Hard,32,250,O,20260915,3,267020,,,Teodora Kostovic,,,SRB,19.217,186,408,269259,,WC,Victoria Luiza Barros,,,BRA,,827,38,6-2 6-4,3,R32,97,2,4,55,34,28,8,9,1,2,1,5,70,37,22,15,9,5,9
2026-1139,Sao Paulo,Hard,32,250,O,20260915,4,220589,,,Elina Avanesyan,R,,ARM,23.995,155,469,220699,,,Julia Riera,R,,ARG,24.299,144,514,6-2 6-4,3,R32,90,1,6,73,48,29,12,9,3,6,0,6,53,19,12,9,9,5,11
2026-1139,Sao Paulo,Hard,32,250,O,20260915,5,221406,8,,Alina Charaeva,R,,RUS,24.304,133,568,214646,,Q,Xiaodi You,,,CHN,30.344,207,365,3-6 7-6(5) 6-3,3,R32,186,0,9,104,63,35,17,14,7,15,0,8,98,44,25,24,16,4,13
2026-1139,Sao Paulo,Hard,32,250,O,20260915,6,220332,5,,Eva Lys,R,165,GER,24.674,99,777,206194,,WC,Gabriela Ce,L,,BRA,33.537,294,238,6-1 5-7 7-5,3,R32,153,0,6,107,77,44,15,16,8,15,1,8,86,58,32,7,15,2,11
2026-1139,Sao Paulo,Hard,32,250,O,20260915,7,221333,3,,Solana Sierra,R,,ARG,22.245,90,825,223335,,Q,Cadence Brace,R,,CAN,21.553,249,290,6-4 3-6 6-1,3,R32,141,4,17,99,49,30,18,13,10,17,0,8,92,50,25,14,13,11,20
2026-1139,Sao Paulo,Hard,32,250,O,20260915,8,215480,,,Suzan Lamens,R,,NED,27.201,182,414,206430,,WC,Carolina Alves,,,BRA,30.399,296,237,3-6 7-6(2) 6-2,3,R32,134,1,7,79,46,29,15,14,5,12,0,7,92,61,29,13,15,4,12
2026-1139,Sao Paulo,Hard,32,250,O,20260915,9,269267,7,,Kaitlin Quevedo,R,,USA,20.589,105,719,221073,,LL,Anastasia Tikhonova,R,,RUS,25.651,245,295,6-0 6-2,3,R32,67,1,5,44,21,20,11,7,0,0,1,5,45,16,9,9,7,1,6
2026-1139,Sao Paulo,Hard,32,250,O,20260915,10,222966,,,Dominika Salkova,R,,CZE,22.218,125,586,222601,6,,Jessica Bouzas Maneiro,R,,ESP,23.979,93,809,7-5 6-1,3,R32,84,0,5,69,37,27,16,9,4,5,2,9,72,37,23,13,10,7,12
2026-1139,Sao Paulo,Hard,32,250,O,20260915,11,215020,4,,Anna Blinkova,R,179,RUS,28.017,94,795,221803,,,Carol Young Suh Lee,,,POC,24.737,136,556,6-1 6-3,3,R32,65,2,1,41,29,23,6,8,0,1,0,1,41,21,10,7,8,2,7
2026-1139,Sao Paulo,Hard,32,250,O,20260915,12,269265,,,Mary Stoiana,,,USA,23.365,116,632,214906,,,Claire Liu,R,170,USA,26.311,96,790,6-3 7-5,3,R32,114,0,4,71,38,23,16,11,7,11,3,8,73,39,20,13,10,7,13
2026-1139,Sao Paulo,Hard,32,250,O,20260915,13,267382,,WC,Nauhany Vitoria Leme Da Silva,,,BRA,,660,63,206292,,,Astra Sharma,R,178,AUS,31.015,1170,11,5-7 6-4 7-5,3,R32,144,6,14,112,58,37,22,17,4,11,2,8,108,55,31,26,17,5,13
2026-1139,Sao Paulo,Hard,32,250,O,20260915,14,220446,,,Jazmin Ortenzi,R,,ARG,24.822,160,459,203564,,Q,Chloe Paquet,R,179,FRA,32.211,319,217,6-3 6-2,3,R32,88,0,1,52,33,21,10,8,0,2,2,4,54,32,16,8,9,3,9
2026-1139,Sao Paulo,Hard,32,250,O,20260915,15,267020,,,Teodora Kostovic,,,SRB,19.220,186,408,221985,9,,Darja Semenistaja,L,,LAT,24.000,120,604,6-4 6-1,3,R16,77,1,3,52,26,18,16,8,5,6,2,2,57,30,15,11,9,4,9
2026-1139,Sao Paulo,Hard,32,250,O,20260915,16,269268,,,Vendula Valdmannova,,,CZE,18.768,153,477,206007,,,Laura Pigossi,R,164,BRA,32.124,218,345,2-6 6-1 6-1,3,R32,131,4,3,76,45,28,19,11,7,9,2,6,75,51,29,11,11,6,11
2026-1139,Sao Paulo,Hard,32,250,O,20260915,17,211651,2,,Paula Badosa,R,180,ESP,28.836,70,955,212303,,LL,Justina Mikulskyte,,,LTU,30.610,237,309,6-3 6-2,3,R32,75,2,7,58,34,29,10,9,3,4,0,3,53,31,18,9,8,2,6
2026-1139,Sao Paulo,Hard,32,250,O,20260915,18,221406,8,,Alina Charaeva,R,,RUS,24.310,133,568,220589,,,Elina Avanesyan,R,,ARM,24.000,155,469,6-2 6-3,3,R16,94,4,5,57,32,21,15,9,1,3,0,5,53,33,20,5,8,2,7
2026-1139,Sao Paulo,Hard,32,250,O,20260915,19,269267,7,,Kaitlin Quevedo,R,,USA,20.592,105,719,267382,,WC,Nauhany Vitoria Leme Da Silva,,,BRA,,660,63,6-2 6-1,3,R16,73,1,3,60,35,22,13,8,3,5,0,7,53,27,11,10,7,4,10
2026-1139,Sao Paulo,Hard,32,250,O,20260915,20,215480,,,Suzan Lamens,R,,NED,27.204,182,414,221333,3,,Solana Sierra,R,,ARG,22.251,90,825,6-3 6-2,3,R16,72,0,6,56,35,27,8,9,4,6,2,5,56,38,19,8,8,6,11
2026-1139,Sao Paulo,Hard,32,250,O,20260915,21,269265,,,Mary Stoiana,,,USA,23.368,116,632,222966,,,Dominika Salkova,R,,CZE,22.221,125,586,7-6(5) 6-1,3,R16,88,1,2,55,35,20,12,9,1,4,0,3,65,32,16,13,10,4,10
2026-1139,Sao Paulo,Hard,32,250,O,20260915,22,215020,4,,Anna Blinkova,R,179,RUS,28.020,94,795,269268,,,Vendula Valdmannova,,,CZE,18.771,153,477,6-3 6-0,3,R16,75,2,5,45,19,12,10,7,3,6,0,10,55,22,11,7,8,4,12
2026-1139,Sao Paulo,Hard,32,250,O,20260915,23,211651,2,,Paula Badosa,R,180,ESP,28.838,70,955,220446,,,Jazmin Ortenzi,R,,ARG,24.825,160,459,4-6 6-2 6-2,3,R16,136,0,7,72,38,26,17,13,1,5,1,7,94,55,28,17,13,6,13
2026-1139,Sao Paulo,Hard,32,250,O,20260915,24,206408,,,Nadia Podoroska,R,170,ARG,29.600,317,218,220332,5,,Eva Lys,R,165,GER,24.679,99,777,7-5 6-2,3,R16,105,2,7,87,45,27,17,10,9,14,0,15,52,25,10,5,10,2,10
2026-1139,Sao Paulo,Hard,32,250,O,20260915,25,269267,7,,Kaitlin Quevedo,R,,USA,20.595,105,719,267020,,,Teodora Kostovic,,,SRB,19.226,186,408,6-3 6-4,3,Quarterfinals,101,2,1,53,30,23,16,10,2,3,2,4,67,33,22,14,9,5,8
2026-1139,Sao Paulo,Hard,32,250,O,20260915,26,215020,4,,Anna Blinkova,R,179,RUS,28.022,94,795,221406,8,,Alina Charaeva,R,,RUS,24.313,133,568,6-4 7-5,3,Quarterfinals,110,1,0,72,51,30,11,11,8,12,3,10,83,52,28,13,11,4,10
2026-1139,Sao Paulo,Hard,32,250,O,20260915,27,211651,2,,Paula Badosa,R,180,ESP,28.841,70,955,269265,,,Mary Stoiana,,,USA,23.371,116,632,6-4 6-2,3,Quarterfinals,95,4,6,59,33,26,10,9,3,5,0,5,64,33,12,16,9,5,10
2026-1139,Sao Paulo,Hard,32,250,O,20260915,28,206408,,,Nadia Podoroska,R,170,ARG,29.602,317,218,215480,,,Suzan Lamens,R,,NED,27.207,182,414,7-6(5) 3-6 6-3,3,Quarterfinals,157,1,9,94,59,38,17,15,8,13,0,16,131,83,54,16,15,10,15
2026-1139,Sao Paulo,Hard,32,250,O,20260915,29,269267,7,,Kaitlin Quevedo,R,,USA,20.597,105,719,215020,4,,Anna Blinkova,R,179,RUS,28.025,94,795,6-4 2-6 6-4,3,Semifinals,142,2,7,100,53,35,22,14,4,8,2,2,94,62,42,12,14,9,13
2026-1139,Sao Paulo,Hard,32,250,O,20260915,30,206408,,,Nadia Podoroska,R,170,ARG,29.605,317,218,211651,2,,Paula Badosa,R,180,ESP,28.844,70,955,6-3 6-4,3,Semifinals,87,1,9,66,39,26,10,9,4,7,2,8,63,34,19,10,10,5,11
